02/19/2023 23:02, Заметка1, куммукм, укмауау
02/20/2023 00:37, Заметка2, меупумум, мкуцсусум
02/20/2023 00:42, Заметка3, мумуму, мукмукук
02/20/2023 09:35, Заметка3, сьсщуцьтсцусммуцгутцкмугшцтмукгц, туамру
02/20/2023 10:14, Заметка5, мткумшткмшктм, мумтумтушкм
02/20/2023 10:32, Заметка6, умукмукм, мукмуму
02/20/2023 11:03, Заметка7, мкмук, мкумукм
02/20/2023 15:15, Заметка8, 777, 777
02/20/2023 18:35, Заметка9, 99999, 9999
02/20/2023 18:35, Заметка10, шгнунцн, 099778
02/20/2023 18:44, Заметка11, смуктмшгцуктм, муркмирукгм
02/20/2023 18:48, Заметка12, лсвтсшцтцшу,  вотсовсошвтц
02/20/2023 19:53, Заметка13 отрт, рири
02/20/2023 19:54, Заметка14, tttftg, rtgt
02/20/2023 19:56, Заметка15, 555, 555
02/20/2023 19:58, Заметка16, 123, шмтекгмшткм
02/20/2023 20:18, Заметка7, еаепе5, пе5п5
02/24/2023 21:37, Заметка 888, 85ара, савлстарс
